school,sex,age,address,famsize,Pstatus,Medu,Fedu,traveltime,studytime,failures,schoolsup,famsup,paid,activities,nursery,higher,internet,romantic,famrel,freetime,goout,Dalc,Walc,health,absences,G1,G2,G3,past_grades,study_to_free_ratio,Mjob_health,Mjob_other,Mjob_services,Mjob_teacher,Fjob_health,Fjob_other,Fjob_services,Fjob_teacher,reason_home,reason_other,reason_reputation,guardian_mother,guardian_other
1,1,18,1,1,0,4,4,2,2,0,1,0,0,0,1,1,0,0,4,3,4,1,1,3,6,5,6,6,11,0.6666666666666666,0,0,0,0,0,0,0,1,0,0,0,1,0
1,1,17,1,1,1,1,1,1,2,0,0,1,0,0,0,1,1,0,5,3,3,1,1,3,4,5,5,6,10,0.6666666666666666,0,0,0,0,0,1,0,0,0,0,0,0,0
1,1,15,1,0,1,1,1,1,2,3,1,0,1,0,1,1,1,0,4,3,2,2,3,3,10,7,8,10,15,0.6666666666666666,0,0,0,0,0,1,0,0,0,1,0,1,0
1,1,15,1,1,1,4,2,1,3,0,0,1,1,1,1,1,1,1,3,2,2,1,1,5,2,15,14,15,29,1.5,1,0,0,0,0,0,1,0,1,0,0,1,0
1,1,16,1,1,1,3,3,1,2,0,0,1,1,0,1,1,0,0,4,3,2,1,2,5,4,6,10,10,16,0.6666666666666666,0,1,0,0,0,1,0,0,1,0,0,0,0
1,0,16,1,0,1,4,3,1,2,0,0,1,1,1,1,1,1,0,5,4,2,1,2,5,10,15,15,15,30,0.5,0,0,1,0,0,1,0,0,0,0,1,1,0
1,0,16,1,0,1,2,2,1,2,0,0,0,0,0,1,1,1,0,4,4,4,1,1,3,0,12,12,11,24,0.5,0,1,0,0,0,1,0,0,1,0,0,1,0
1,1,17,1,1,0,4,4,2,2,0,1,1,0,0,1,1,0,0,4,1,4,1,1,1,6,6,5,6,11,2.0,0,1,0,0,0,0,0,1,1,0,0,1,0
1,0,15,1,0,0,3,2,1,2,0,0,1,1,0,1,1,1,0,4,2,2,1,1,1,0,16,18,19,34,1.0,0,0,1,0,0,1,0,0,1,0,0,1,0
1,0,15,1,1,1,3,4,1,2,0,0,1,1,1,1,1,1,0,5,5,1,1,1,5,0,14,15,15,29,0.4,0,1,0,0,0,1,0,0,1,0,0,1,0
1,1,15,1,1,1,4,4,1,2,0,0,1,1,0,1,1,1,0,3,3,3,1,2,2,0,10,8,9,18,0.6666666666666666,0,0,0,1,1,0,0,0,0,0,1,1,0
1,1,15,1,1,1,2,1,3,3,0,0,1,0,1,1,1,1,0,5,2,2,1,1,4,4,10,12,12,22,1.5,0,0,1,0,0,1,0,0,0,0,1,0,0
1,0,15,1,0,1,4,4,1,1,0,0,1,1,1,1,1,1,0,4,3,3,1,3,5,2,14,14,14,28,0.3333333333333333,1,0,0,0,0,0,1,0,0,0,0,0,0
1,0,15,1,1,1,4,3,2,2,0,0,1,1,0,1,1,1,0,5,4,3,1,2,3,2,10,10,11,20,0.5,0,0,0,1,0,1,0,0,0,0,0,1,0
1,0,15,1,1,0,2,2,1,3,0,0,1,0,0,1,1,1,1,4,5,2,1,1,3,0,14,16,16,30,0.6,0,1,0,0,0,1,0,0,1,0,0,0,1
1,1,16,1,1,1,4,4,1,1,0,0,1,0,0,1,1,1,0,4,4,4,1,2,2,4,14,14,14,28,0.25,1,0,0,0,0,1,0,0,1,0,0,1,0
1,1,16,1,1,1,4,4,1,3,0,0,1,1,1,1,1,1,0,3,2,3,1,2,2,6,13,14,14,27,1.5,0,0,1,0,0,0,1,0,0,0,1,1,0
1,1,16,1,1,1,3,3,3,2,0,1,1,0,1,1,1,0,0,5,3,2,1,1,4,4,8,10,10,18,0.6666666666666666,0,1,0,0,0,1,0,0,0,0,1,1,0
1,0,17,1,1,1,3,2,1,1,3,0,1,0,1,1,1,1,0,5,5,5,2,4,5,16,6,5,5,11,0.2,0,0,1,0,0,0,1,0,0,0,0,1,0
1,0,16,1,0,1,4,3,1,1,0,0,0,1,1,1,1,1,0,3,1,3,1,3,5,4,8,10,10,18,1.0,1,0,0,0,0,1,0,0,1,0,0,0,0
1,0,15,1,1,1,4,3,1,2,0,0,0,0,0,1,1,1,0,4,4,1,1,1,1,0,13,14,15,27,0.5,0,0,0,1,0,1,0,0,0,0,1,1,0
1,0,15,1,1,1,4,4,1,1,0,0,1,1,0,1,1,1,0,5,4,2,1,1,5,0,12,15,15,27,0.25,1,0,0,0,1,0,0,0,0,1,0,0,0
1,0,16,1,0,1,4,2,1,2,0,0,0,0,1,1,1,1,0,4,5,1,1,3,5,2,15,15,16,30,0.4,0,0,0,1,0,1,0,0,0,0,0,1,0
1,0,16,1,0,1,2,2,2,2,0,0,1,0,1,1,1,1,0,5,4,4,2,4,5,0,13,13,12,26,0.5,0,1,0,0,0,1,0,0,0,0,1,1,0
1,1,15,0,1,1,2,4,1,3,0,1,1,1,1,1,1,1,0,4,3,2,1,1,5,2,10,9,8,19,1.0,0,0,1,0,1,0,0,0,0,0,0,1,0
1,1,16,1,1,1,2,2,1,1,2,0,1,1,0,0,1,1,0,1,2,2,1,3,5,14,6,9,8,15,0.5,0,0,1,0,0,0,1,0,1,0,0,1,0
1,0,15,1,1,1,2,2,1,1,0,0,1,1,0,1,1,1,0,4,2,2,1,2,5,2,12,12,11,24,0.5,0,1,0,0,0,1,0,0,1,0,0,1,0
1,0,15,1,1,1,4,2,1,1,0,0,0,1,0,1,1,1,0,2,2,4,2,4,1,4,15,16,15,31,0.5,1,0,0,0,0,0,1,0,0,1,0,1,0
1,0,16,1,0,0,3,4,1,2,0,1,1,0,1,1,1,1,0,5,3,3,1,1,5,4,11,11,11,22,0.6666666666666666,0,0,1,0,0,1,0,0,1,0,0,1,0
1,0,16,1,1,1,4,4,1,2,0,0,1,1,1,1,1,1,1,4,4,5,5,5,5,16,10,12,11,22,0.5,0,0,0,1,0,0,0,1,1,0,0,1,0
1,0,15,1,1,1,4,4,1,2,0,0,1,1,0,0,1,1,0,5,4,2,3,4,5,0,9,11,12,20,0.5,1,0,0,0,0,0,1,0,1,0,0,1,0
1,0,15,1,1,1,4,4,2,2,0,0,1,0,1,1,1,1,0,4,3,1,1,1,5,0,17,16,17,33,0.6666666666666666,0,0,1,0,0,0,1,0,0,0,1,1,0
1,0,15,0,1,1,4,3,1,2,0,0,1,0,1,1,1,1,1,4,5,2,1,1,5,0,17,16,16,33,0.4,0,0,0,1,0,0,0,0,0,0,0,1,0
1,0,15,1,0,1,3,3,1,2,0,0,0,0,1,0,1,1,0,5,3,2,1,1,2,0,8,10,12,18,0.6666666666666666,0,1,0,0,0,1,0,0,0,0,0,1,0
1,0,16,1,1,1,3,2,1,1,0,0,1,1,0,0,1,1,0,5,4,3,1,1,5,0,12,14,15,26,0.25,0,1,0,0,0,1,0,0,1,0,0,1,0
1,1,15,1,1,1,2,3,2,1,0,0,1,0,1,1,1,0,0,3,5,1,1,1,5,0,8,7,6,15,0.2,0,1,0,0,0,1,0,0,0,1,0,0,0
1,0,15,1,0,1,4,3,1,3,0,0,1,0,1,1,1,1,0,5,4,3,1,1,4,2,15,16,18,31,0.75,0,0,0,1,0,0,1,0,1,0,0,1,0
1,0,16,0,1,0,4,4,2,3,0,0,1,0,1,1,1,1,1,2,4,3,1,1,5,7,15,16,15,31,0.75,0,1,0,0,0,0,0,1,0,0,1,1,0
1,1,15,0,1,1,3,4,1,3,0,1,1,1,1,1,1,1,0,4,3,2,1,1,5,2,12,12,11,24,1.0,0,0,1,0,1,0,0,0,0,0,0,1,0
1,1,15,0,1,1,2,2,1,1,0,1,1,1,1,1,1,0,0,4,3,1,1,1,2,8,14,13,13,27,0.3333333333333333,0,0,0,0,0,1,0,0,0,0,1,1,0
1,1,16,1,0,1,2,2,2,2,1,0,1,0,1,0,1,1,1,3,3,3,1,2,3,25,7,10,11,17,0.6666666666666666,0,1,0,0,0,1,0,0,1,0,0,1,0
1,0,15,1,0,1,4,4,1,1,0,0,1,0,0,0,1,1,1,5,4,3,2,4,5,8,12,12,12,24,0.25,0,0,0,1,0,1,0,0,1,0,0,0,1
1,0,15,1,1,1,4,4,1,2,0,0,1,0,1,1,1,1,0,4,3,3,1,1,5,2,19,18,18,37,0.6666666666666666,0,0,1,0,0,0,0,1,0,0,0,0,0
1,0,15,1,1,1,2,2,1,1,0,1,1,0,0,1,1,1,0,5,4,1,1,1,1,0,8,8,11,16,0.25,0,0,1,0,0,0,1,0,0,0,0,0,0
1,1,16,1,0,1,2,2,2,2,1,1,0,0,1,1,1,1,0,4,3,3,2,2,5,14,10,10,9,20,0.6666666666666666,0,1,0,0,0,0,0,0,0,0,0,0,0
1,1,15,1,0,0,4,3,1,2,0,1,1,1,1,1,1,1,1,5,2,2,1,1,5,8,8,8,6,16,1.0,0,1,0,0,0,1,0,0,0,0,0,1,0
1,1,16,1,0,0,3,3,1,2,0,0,1,0,0,1,1,1,0,2,3,5,1,4,3,12,11,12,11,23,0.6666666666666666,0,1,0,0,0,0,1,0,1,0,0,1,0
1,0,16,1,1,1,4,3,1,4,0,0,0,0,1,1,1,1,0,4,2,2,1,1,2,4,19,19,20,38,2.0,1,0,0,0,0,0,1,0,0,0,1,1,0
1,0,15,1,1,1,4,2,1,2,0,0,1,1,0,1,1,0,0,4,3,3,2,2,5,2,15,15,14,30,0.6666666666666666,0,0,0,1,0,1,0,0,1,0,0,1,0
1,1,15,1,1,1,4,4,1,2,1,1,1,0,1,0,1,1,0,4,4,4,1,1,3,2,7,7,7,14,0.5,0,0,1,0,0,0,0,1,0,1,0,0,0
1,1,16,1,0,1,2,2,3,2,0,0,1,1,0,1,1,1,0,4,3,3,2,3,4,2,12,13,13,25,0.6666666666666666,0,0,1,0,0,0,1,0,0,0,0,1,0
1,1,15,1,0,1,4,2,1,2,0,0,1,1,0,1,1,1,0,4,3,3,1,1,5,2,11,13,13,24,0.6666666666666666,1,0,0,0,0,1,0,0,0,1,0,1,0
1,0,15,1,0,0,4,2,2,1,1,0,0,0,0,1,1,0,0,5,5,5,3,4,5,6,11,11,10,22,0.2,1,0,0,0,1,0,0,0,0,1,0,0,0
1,1,15,1,1,1,4,4,1,1,0,1,1,1,0,1,1,1,0,3,3,4,2,3,5,0,8,10,11,18,0.3333333333333333,0,0,1,0,0,0,1,0,0,0,0,1,0
1,1,15,1,0,0,3,3,1,1,0,0,0,1,0,1,1,1,0,5,3,4,4,4,1,6,10,13,13,23,0.3333333333333333,0,1,0,0,0,1,0,0,0,1,0,1,0
1,1,16,1,1,0,2,1,1,2,0,0,0,1,1,1,1,1,1,5,3,4,1,1,2,8,8,9,10,17,0.6666666666666666,0,1,0,0,0,1,0,0,0,1,0,1,0
1,1,15,1,1,0,4,3,1,2,0,0,1,1,1,1,1,1,0,4,3,2,1,1,1,0,14,15,15,29,0.6666666666666666,0,0,1,0,0,0,1,0,0,0,1,1,0
1,0,15,1,1,1,4,4,1,2,0,0,1,0,1,1,1,0,0,3,2,2,1,1,5,4,14,15,15,29,1.0,0,0,0,1,1,0,0,0,0,0,1,1,0
1,0,15,1,0,1,1,2,1,2,0,1,1,0,1,1,1,1,0,4,3,2,1,1,5,2,9,10,9,19,0.6666666666666666,0,1,0,0,0,0,0,0,1,0,0,0,0
1,1,16,1,1,1,4,2,1,2,0,0,1,0,0,1,1,1,0,4,2,3,1,1,5,2,15,16,16,31,1.0,0,0,1,0,0,1,0,0,0,0,0,1,0
1,1,16,0,1,1,4,4,1,2,0,0,1,0,1,1,1,0,0,2,4,4,2,3,4,6,10,11,11,21,0.5,1,0,0,0,0,0,0,1,0,1,0,1,0
1,1,16,1,1,1,1,1,4,1,0,1,1,0,1,0,1,1,1,5,5,5,5,5,5,6,10,8,11,18,0.2,0,0,1,0,0,0,1,0,0,0,0,0,0
1,1,16,1,0,1,1,2,1,2,0,1,0,0,1,1,1,1,0,4,4,3,1,1,1,4,8,10,9,18,0.5,0,1,0,0,0,0,1,0,0,0,1,0,0
1,1,16,1,1,1,4,3,1,3,0,1,1,1,1,1,1,1,0,3,4,4,2,4,4,2,10,9,9,19,0.75,0,0,0,1,1,0,0,0,1,0,0,1,0
1,1,15,1,0,1,4,3,1,2,0,1,0,0,1,1,1,1,1,4,4,4,2,4,2,0,10,10,10,20,0.5,0,0,1,0,0,0,1,0,0,0,1,0,0
1,1,16,1,0,1,4,3,3,2,0,0,1,0,1,1,1,1,0,5,4,3,1,2,1,2,16,15,15,31,0.5,0,0,0,1,0,0,1,0,0,0,0,1,0
1,0,15,1,1,0,4,4,1,4,0,0,1,0,1,0,1,1,1,1,3,3,5,5,3,4,13,13,12,26,1.3333333333333333,0,1,0,0,0,0,1,0,0,0,1,1,0
1,1,16,1,1,1,3,1,1,4,0,1,1,1,0,1,1,1,0,4,3,3,1,2,5,4,7,7,6,14,1.3333333333333333,0,0,1,0,0,1,0,0,0,0,0,1,0
1,1,15,0,0,1,2,2,2,2,0,1,1,1,0,1,1,1,0,4,1,3,1,3,4,2,8,9,8,17,2.0,1,0,0,0,0,0,1,0,0,0,1,1,0
1,1,15,0,0,1,3,1,2,4,0,0,1,0,0,0,1,1,0,4,4,2,2,3,3,12,16,16,16,32,1.0,0,1,0,0,0,1,0,0,0,0,1,0,0
1,0,16,1,1,1,3,1,2,4,0,0,1,1,0,1,1,1,0,4,3,2,1,1,5,0,13,15,15,28,1.3333333333333333,0,1,0,0,0,1,0,0,0,0,1,0,0
1,0,15,1,1,1,4,2,1,4,0,0,0,0,0,1,1,1,0,3,3,3,1,1,3,0,10,10,10,20,1.3333333333333333,0,1,0,0,0,1,0,0,0,0,0,1,0
1,1,15,0,1,1,1,1,1,2,2,1,1,0,0,0,1,1,1,3,3,4,2,4,5,2,8,6,5,14,0.6666666666666666,0,1,0,0,0,1,0,0,0,0,1,1,0
1,0,16,1,1,1,3,1,1,1,0,0,0,0,1,1,1,0,0,5,3,2,2,2,5,2,12,12,14,24,0.3333333333333333,0,1,0,0,0,1,0,0,0,0,1,1,0
1,1,16,1,1,1,3,3,1,2,0,1,1,1,1,1,1,1,0,4,3,3,2,4,5,54,11,12,11,23,0.6666666666666666,0,1,0,0,0,0,1,0,1,0,0,1,0
1,0,15,1,1,1,4,3,1,2,0,0,1,1,1,1,1,1,0,4,3,3,2,3,5,6,9,9,10,18,0.6666666666666666,0,0,0,1,0,1,0,0,1,0,0,1,0
1,0,15,1,1,1,4,0,2,4,0,0,0,0,1,1,1,1,0,3,4,3,1,1,1,8,11,11,10,22,1.0,0,0,0,1,0,1,0,0,0,0,0,1,0
1,1,16,1,1,1,2,2,1,4,0,0,0,1,0,1,1,1,1,5,2,3,1,3,3,0,11,11,11,22,2.0,0,1,0,0,0,1,0,0,0,0,1,1,0
1,0,17,1,1,1,2,1,2,1,3,1,1,0,1,1,0,1,0,4,5,1,1,1,3,2,8,8,10,16,0.2,0,1,0,0,0,1,0,0,1,0,0,1,0
1,1,16,1,1,1,3,4,1,2,0,0,1,0,0,1,1,1,0,2,4,3,1,2,3,12,5,5,5,10,0.5,0,0,0,0,0,1,0,0,0,0,0,1,0
1,0,15,1,1,1,2,3,1,1,0,1,1,1,1,0,1,1,1,3,2,2,1,3,3,2,10,12,12,22,0.5,0,1,0,0,0,0,1,0,0,0,0,0,0
1,0,15,1,1,1,2,3,1,3,0,1,0,1,0,0,1,1,0,5,3,2,1,2,5,4,11,10,11,21,1.0,0,1,0,0,0,1,0,0,1,0,0,1,0
1,1,15,1,0,1,3,2,1,2,0,0,1,1,0,1,1,1,0,4,4,4,1,1,5,10,7,6,6,13,0.5,0,0,1,0,0,1,0,0,0,0,1,1,0
1,0,15,1,0,1,2,2,2,2,0,0,0,1,1,1,1,1,0,5,3,3,1,3,4,4,15,15,15,30,0.6666666666666666,0,0,1,0,0,0,1,0,1,0,0,1,0
1,1,15,1,1,1,1,1,1,2,0,0,1,0,1,0,1,1,0,4,3,2,2,3,4,2,9,10,10,19,0.6666666666666666,0,1,0,0,0,1,0,0,1,0,0,0,0
1,1,15,1,1,1,4,4,2,2,2,0,0,1,0,1,1,1,1,4,4,4,2,3,5,6,7,9,8,16,0.5,0,0,1,0,0,0,1,0,0,0,1,0,0
1,1,16,1,0,1,2,2,1,2,0,0,1,0,0,1,1,0,0,4,3,4,1,2,2,4,8,7,6,15,0.6666666666666666,0,0,0,0,0,1,0,0,0,0,0,1,0
1,1,15,1,1,1,4,2,1,3,0,0,1,0,1,1,1,1,0,5,3,3,1,3,1,4,13,14,14,27,1.0,0,1,0,0,0,1,0,0,0,0,1,1,0
1,0,16,1,1,1,2,2,2,2,1,0,0,1,1,0,1,1,0,4,4,2,1,1,3,12,11,10,10,21,0.5,0,0,1,0,0,1,0,0,0,0,1,0,0
1,0,16,1,0,0,4,4,1,2,0,0,1,0,0,1,1,0,0,4,1,3,3,5,5,18,8,6,7,14,2.0,0,0,0,1,1,0,0,0,0,0,1,1,0
1,1,16,1,1,1,3,3,1,3,0,0,1,1,0,1,1,1,1,4,3,3,1,3,4,0,7,7,8,14,1.0,0,1,0,0,0,1,0,0,1,0,0,1,0
1,1,15,1,1,1,4,3,1,1,0,0,0,1,1,1,1,1,0,4,5,5,1,3,1,4,16,17,18,33,0.2,0,0,1,0,0,1,0,0,0,0,1,1,0
1,1,16,1,0,1,3,1,1,2,0,1,1,0,0,1,1,0,0,3,3,3,2,3,2,4,7,6,6,13,0.6666666666666666,0,1,0,0,0,1,0,0,1,0,0,0,0
1,1,16,1,1,1,4,2,2,2,0,0,1,1,1,1,1,1,0,5,3,3,1,1,1,0,11,10,10,21,0.6666666666666666,0,0,0,1,0,0,1,0,1,0,0,1,0
1,0,15,1,0,1,2,2,1,4,0,0,1,0,1,1,1,1,0,4,3,4,1,1,4,6,11,13,14,24,1.3333333333333333,0,0,1,0,1,0,0,0,0,0,1,1,0
1,1,15,0,1,1,1,1,2,4,1,1,1,1,1,1,1,1,0,3,1,2,1,1,1,2,7,10,10,17,4.0,0,0,0,0,0,1,0,0,1,0,0,1,0
1,0,16,0,1,1,4,3,2,1,0,1,1,0,1,0,1,1,0,3,3,3,1,1,4,2,11,15,15,26,0.3333333333333333,0,0,1,0,0,1,0,0,0,0,1,1,0
1,1,16,1,1,1,2,1,1,2,0,0,1,1,0,1,1,0,1,4,3,5,1,1,5,2,8,9,10,17,0.6666666666666666,0,1,0,0,0,1,0,0,0,0,0,1,0
1,1,16,1,1,1,4,4,1,1,0,0,0,0,1,0,1,1,0,5,3,4,1,2,1,6,11,14,14,25,0.3333333333333333,0,1,0,0,0,1,0,0,0,0,1,1,0
1,1,16,1,1,1,4,3,1,3,0,1,1,1,0,1,1,1,0,5,3,5,1,1,3,0,7,9,8,16,1.0,0,1,0,0,0,0,0,0,0,0,0,1,0
1,0,16,1,1,1,4,4,1,1,0,1,1,1,1,1,1,1,0,4,5,5,5,5,4,14,7,7,5,14,0.2,0,0,1,0,0,0,1,0,0,1,0,1,0
1,0,16,1,1,1,4,4,1,3,0,0,1,0,1,1,1,1,1,4,4,3,1,1,4,0,16,17,17,33,0.75,0,0,1,0,0,0,0,1,0,1,0,0,0
1,0,15,1,1,1,4,4,1,1,0,0,1,0,1,0,1,1,0,5,3,3,1,1,5,4,10,13,14,23,0.3333333333333333,0,0,1,0,0,1,0,0,0,0,0,1,0
1,1,15,1,1,1,3,2,2,2,0,1,1,1,0,1,1,1,0,4,3,5,1,1,2,26,7,6,6,13,0.6666666666666666,0,0,1,0,0,1,0,0,1,0,0,1,0
1,0,15,1,1,0,3,4,1,2,0,0,1,1,1,1,1,1,0,5,4,4,1,1,1,0,16,18,18,34,0.5,0,0,1,0,0,1,0,0,0,0,0,1,0
1,1,15,1,1,0,3,3,1,4,0,1,0,0,0,1,1,0,0,4,3,3,1,1,4,10,10,11,11,21,1.3333333333333333,0,1,0,0,1,0,0,0,0,0,1,0,0
1,1,15,1,1,1,2,2,1,4,0,1,1,1,0,1,1,1,0,5,1,2,1,1,3,8,7,8,8,15,4.0,0,1,0,0,0,1,0,0,0,0,0,1,0
1,0,16,1,1,1,3,3,1,3,0,0,1,0,1,1,1,1,0,5,3,3,1,1,5,2,16,18,18,34,1.0,0,0,1,0,0,1,0,0,1,0,0,0,0
1,0,15,0,1,1,4,4,4,4,0,0,1,1,1,1,1,1,1,1,3,5,3,5,1,6,10,13,13,23,1.3333333333333333,0,1,0,0,0,1,0,0,1,0,0,0,0
1,1,16,1,0,1,4,4,1,3,0,0,1,1,1,1,1,1,1,5,4,5,1,1,4,4,14,15,16,29,0.75,1,0,0,0,1,0,0,0,0,1,0,1,0
1,0,15,1,0,0,4,4,1,1,0,0,0,0,1,1,1,1,0,5,5,3,1,1,4,6,18,19,19,37,0.2,0,0,0,1,0,0,0,1,0,0,0,1,0
1,1,16,0,1,1,3,3,1,3,1,1,1,0,1,1,1,1,0,4,1,2,1,1,2,0,7,10,10,17,3.0,0,0,1,0,0,1,0,0,0,0,1,0,0
1,1,16,1,1,1,2,2,1,2,1,1,0,0,1,1,1,1,0,3,1,2,1,1,5,6,10,13,13,23,2.0,0,0,0,0,0,1,0,0,1,0,0,1,0
1,0,15,1,0,1,4,2,1,1,0,0,0,0,0,1,1,1,0,3,5,2,1,1,3,10,18,19,19,37,0.2,0,0,0,1,0,1,0,0,0,0,0,1,0
1,0,15,0,1,1,2,1,1,2,0,0,0,0,1,1,1,1,1,5,4,2,1,1,5,8,9,9,9,18,0.5,1,0,0,0,0,0,1,0,0,0,1,1,0
1,0,16,1,1,1,4,4,1,2,0,0,1,0,1,1,1,1,0,5,4,4,1,2,5,2,15,15,16,30,0.5,0,0,0,1,0,0,0,1,0,0,0,0,0
1,0,15,1,1,1,4,4,2,2,0,0,1,0,1,1,1,0,0,4,4,3,1,1,2,2,11,13,14,24,0.5,0,1,0,0,0,0,0,1,0,0,1,0,0
1,0,16,1,1,1,3,3,2,1,0,0,0,0,1,1,1,1,0,5,4,2,1,1,5,0,13,14,13,27,0.25,0,1,0,0,0,0,1,0,1,0,0,0,0
1,0,17,0,1,1,1,3,3,2,1,0,1,0,1,1,1,1,0,5,2,4,1,4,5,20,9,7,8,16,1.0,0,1,0,0,0,1,0,0,0,0,0,0,0
1,0,15,1,1,1,3,4,1,1,0,0,0,0,0,1,1,1,0,3,4,3,1,2,4,6,14,13,13,27,0.25,0,1,0,0,0,1,0,0,0,0,1,0,0
1,1,15,1,1,1,1,2,1,2,0,0,0,0,0,0,1,1,0,3,2,3,1,2,1,2,16,15,15,31,1.0,0,0,0,0,0,0,1,0,0,0,0,1,0
1,0,15,1,1,1,2,2,1,4,0,0,1,1,1,1,1,1,0,5,5,4,1,2,5,6,16,14,15,30,0.8,0,0,1,0,0,0,1,0,1,0,0,0,0
1,1,16,1,0,1,2,4,2,2,0,0,1,1,1,1,1,1,1,4,2,2,1,2,5,2,13,13,13,26,1.0,0,1,0,0,1,0,0,0,0,0,0,0,0
1,0,16,1,1,1,4,4,1,1,0,0,1,0,1,1,1,1,0,3,4,4,1,4,5,18,14,11,13,25,0.25,1,0,0,0,0,1,0,0,0,0,0,1,0
1,1,16,1,1,1,2,2,1,2,0,0,0,1,0,1,1,1,1,5,4,4,1,1,5,0,8,7,8,15,0.5,0,1,0,0,0,1,0,0,1,0,0,1,0
1,0,15,1,1,1,3,4,1,1,0,1,0,0,0,1,1,1,0,5,5,5,3,2,5,0,13,13,12,26,0.2,0,0,1,0,0,0,1,0,1,0,0,0,0
1,1,15,1,0,0,3,4,1,2,0,1,0,0,1,1,1,1,1,5,3,2,1,1,1,0,7,10,11,17,0.6666666666666666,0,1,0,0,0,1,0,0,1,0,0,1,0
1,1,19,1,1,1,0,1,1,2,3,0,1,0,0,0,0,0,0,3,4,2,1,1,5,2,7,8,9,15,0.5,0,0,0,0,0,1,0,0,0,0,0,0,1
1,0,18,0,1,1,2,2,1,1,2,0,1,0,1,1,1,1,0,3,3,3,1,2,4,0,7,4,0,11,0.3333333333333333,0,0,1,0,0,1,0,0,0,0,1,1,0
1,0,16,0,1,1,4,4,1,1,0,0,0,1,1,1,1,1,0,3,5,5,2,5,4,8,18,18,18,36,0.2,0,0,0,1,0,0,0,1,0,0,0,1,0
1,1,15,0,1,1,3,4,2,3,2,0,1,0,0,1,1,1,1,4,2,2,2,2,5,0,12,0,0,12,1.5,0,0,1,0,0,0,0,1,0,0,0,0,0
1,1,15,1,1,1,1,1,3,1,0,0,1,0,1,0,1,1,1,4,3,3,1,2,4,0,8,0,0,8,0.3333333333333333,0,0,0,0,0,1,0,0,0,0,0,1,0
1,1,17,1,0,1,2,2,1,1,0,0,1,0,0,1,1,1,1,3,4,4,1,3,5,12,10,13,12,23,0.25,0,1,0,0,0,1,0,0,0,0,0,0,0
1,1,16,1,1,0,3,4,1,1,0,0,0,0,0,1,1,1,0,3,2,1,1,4,5,16,12,11,11,23,0.5,0,0,1,0,0,1,0,0,0,0,0,0,0
1,0,15,0,1,1,3,4,4,2,0,0,1,0,0,1,1,0,1,5,3,3,1,1,5,0,9,0,0,9,0.6666666666666666,0,0,0,0,0,0,0,1,0,0,0,1,0
1,1,15,1,1,1,4,4,1,3,0,0,1,0,1,1,1,1,1,4,3,3,1,1,5,0,11,0,0,11,1.0,0,0,1,0,0,0,0,0,0,0,0,1,0
1,0,17,0,1,1,3,4,3,2,0,0,0,0,0,1,1,0,0,5,4,5,2,4,5,0,10,0,0,10,0.5,0,0,0,0,0,1,0,0,0,0,0,1,0
1,1,16,1,1,0,3,3,2,1,2,0,1,0,1,0,1,1,1,4,3,2,1,1,5,0,4,0,0,4,0.3333333333333333,0,1,0,0,0,1,0,0,0,0,0,0,1
1,0,16,1,0,1,1,1,1,2,1,0,0,0,0,1,1,0,1,4,4,4,1,3,5,0,14,12,12,26,0.5,0,0,1,0,0,1,0,0,0,0,0,1,0
1,1,15,1,1,1,4,4,2,1,0,0,0,0,1,1,1,1,0,4,3,2,1,1,5,0,16,16,15,32,0.3333333333333333,0,0,0,1,0,0,0,1,0,0,0,1,0
1,0,15,1,1,1,4,3,2,4,0,1,1,0,0,1,1,1,0,2,2,2,1,1,3,0,7,9,0,16,2.0,0,0,0,1,0,0,1,0,0,0,0,0,0
1,0,16,1,0,1,2,2,2,1,2,0,1,0,1,1,1,1,0,2,3,3,2,2,2,8,9,9,9,18,0.3333333333333333,0,0,1,0,0,0,1,0,0,0,1,0,0
1,1,15,1,1,1,4,4,1,3,0,0,1,1,1,1,1,1,0,4,2,2,1,1,5,2,9,11,11,20,1.5,0,0,0,1,0,0,1,0,0,0,0,1,0
1,1,16,1,0,1,1,1,1,1,0,0,0,0,0,1,1,1,0,3,4,4,3,3,1,2,14,14,13,28,0.25,0,0,0,0,0,0,0,0,0,0,0,1,0
1,0,17,1,1,1,2,1,1,1,3,0,1,0,0,1,1,1,0,5,4,5,1,2,5,0,5,0,0,5,0.25,0,1,0,0,0,1,0,0,1,0,0,1,0
1,1,15,1,1,1,1,1,1,2,0,0,1,1,0,1,1,1,0,4,4,2,1,2,5,0,8,11,11,19,0.5,0,1,0,0,0,0,1,0,0,0,0,0,0
1,1,15,1,1,1,3,2,1,2,3,0,1,0,0,1,1,1,0,3,3,2,1,1,3,0,6,7,0,13,0.6666666666666666,1,0,0,0,0,0,1,0,1,0,0,0,0
1,1,15,1,1,1,1,2,1,2,0,0,1,1,0,0,1,1,0,4,3,2,1,1,5,2,10,11,11,21,0.6666666666666666,0,0,0,0,0,1,0,0,0,0,0,1,0
1,0,16,1,1,1,4,4,1,1,0,0,1,0,0,1,0,1,1,3,3,2,2,1,5,0,7,6,0,13,0.3333333333333333,0,0,0,1,0,0,0,1,0,0,0,1,0
1,0,15,1,0,0,2,1,4,1,3,0,0,0,0,1,1,1,0,4,5,5,2,5,5,0,8,9,10,17,0.2,0,0,1,0,0,1,0,0,0,0,0,1,0
1,0,18,1,0,1,1,1,1,1,3,0,0,0,0,1,0,1,1,2,3,5,2,5,4,0,6,5,0,11,0.3333333333333333,0,1,0,0,0,1,0,0,0,0,0,1,0
1,0,16,1,0,1,2,1,1,1,1,0,0,0,1,1,1,0,1,4,4,4,3,5,5,6,12,13,14,25,0.25,0,0,0,0,0,1,0,0,0,0,0,1,0
1,1,15,0,1,1,3,3,2,3,2,0,1,1,1,1,1,1,1,4,2,1,2,3,3,8,10,10,10,20,1.5,0,0,1,0,0,0,1,0,0,0,1,0,1
1,0,19,1,1,1,3,2,1,1,3,0,1,0,0,1,0,1,1,4,5,4,1,1,4,0,5,0,0,5,0.2,0,0,1,0,0,0,0,0,1,0,0,1,0
1,1,17,1,1,1,4,4,1,1,0,1,1,0,0,1,1,0,1,4,2,1,1,1,4,0,11,11,12,22,0.5,0,1,0,0,0,0,0,1,0,0,0,1,0
1,0,15,0,1,1,2,3,1,2,0,1,0,1,1,1,1,0,0,4,4,4,1,1,1,2,11,8,8,19,0.5,0,0,0,0,0,0,1,0,0,0,0,1,0
1,0,17,0,0,1,1,2,1,1,0,0,0,0,0,1,1,0,0,2,2,2,3,3,5,8,16,12,13,28,0.5,0,1,0,0,0,1,0,0,0,0,1,1,0
1,1,18,0,1,1,1,1,3,1,3,0,1,0,1,0,1,0,0,5,2,5,1,5,4,6,9,8,10,17,0.5,0,0,0,0,0,1,0,0,0,0,0,1,0
1,0,16,0,1,1,2,2,3,1,0,0,0,0,0,0,1,0,0,4,2,2,1,2,3,2,17,15,15,32,0.5,0,0,0,0,0,1,0,0,0,0,0,1,0
1,0,16,1,1,1,3,3,1,2,1,0,1,1,0,1,1,1,1,4,5,5,4,4,5,4,10,12,12,22,0.4,0,1,0,0,0,0,1,0,0,0,0,0,0
1,0,17,0,0,1,2,1,2,1,2,0,0,0,1,1,0,1,1,3,3,2,2,2,5,0,7,6,0,13,0.3333333333333333,0,0,0,0,0,1,0,0,0,0,0,1,0
1,0,15,0,1,1,3,2,2,2,2,1,1,0,0,1,1,1,1,4,4,4,1,4,3,6,5,9,7,14,0.5,0,1,0,0,0,1,0,0,0,0,0,1,0
1,0,16,1,0,1,1,2,2,1,1,0,0,0,1,1,1,0,0,4,4,4,2,4,5,0,7,0,0,7,0.25,0,1,0,0,0,1,0,0,0,0,0,1,0
1,0,17,1,1,1,1,3,1,1,0,0,0,0,0,1,0,1,0,5,3,3,1,4,2,2,10,10,10,20,0.3333333333333333,0,0,0,0,0,0,1,0,0,0,0,0,0
1,0,17,0,0,1,1,1,4,2,3,0,0,0,1,1,0,0,1,5,3,5,1,5,5,0,5,8,7,13,0.6666666666666666,0,1,0,0,0,0,1,0,0,0,0,1,0
1,0,16,1,1,1,3,2,2,1,1,0,1,0,1,0,0,0,0,4,5,2,1,1,2,16,12,11,12,23,0.2,0,0,1,0,0,0,1,0,0,0,0,1,0
1,0,16,1,1,1,2,2,1,2,0,0,0,0,0,1,0,1,0,4,3,5,2,4,4,4,10,10,10,20,0.6666666666666666,0,1,0,0,0,1,0,0,0,0,0,0,0
1,1,16,1,1,1,4,2,1,2,0,0,0,1,0,1,1,1,1,4,2,3,1,1,3,0,14,15,16,29,1.0,1,0,0,0,0,0,1,0,1,0,0,0,0
1,1,16,1,1,1,2,2,1,2,0,0,1,1,0,0,1,1,0,5,1,5,1,1,4,0,6,7,0,13,2.0,0,1,0,0,0,1,0,0,1,0,0,1,0
1,1,16,1,1,1,4,4,1,2,0,0,1,1,0,1,1,1,1,4,4,2,1,1,3,0,14,14,14,28,0.5,1,0,0,0,1,0,0,0,0,0,1,1,0
1,0,16,1,1,1,3,4,3,1,2,0,1,0,1,0,1,1,0,3,4,5,2,4,2,0,6,5,0,11,0.25,0,1,0,0,0,1,0,0,0,0,0,0,0
1,0,16,1,1,1,1,0,2,2,0,0,1,1,1,1,1,1,1,4,3,2,1,1,3,2,13,15,16,28,0.6666666666666666,0,1,0,0,0,1,0,0,0,0,1,1,0
1,0,17,1,0,1,4,4,1,2,0,0,1,1,1,1,1,1,0,4,4,4,1,3,5,0,13,11,10,24,0.5,0,0,0,1,0,1,0,0,0,0,1,1,0
1,1,16,1,1,1,1,3,1,2,3,0,0,0,1,0,1,1,1,4,3,5,1,1,3,0,8,7,0,15,0.6666666666666666,0,0,0,0,0,0,1,0,1,0,0,1,0
1,1,16,1,0,1,3,3,2,2,0,0,1,1,1,1,1,1,0,4,4,5,1,1,4,4,10,11,9,21,0.5,0,1,0,0,0,1,0,0,0,0,1,1,0
1,0,17,1,0,1,4,3,2,2,0,0,0,1,1,1,1,1,0,4,4,4,4,4,4,4,10,9,9,19,0.5,0,0,0,1,0,1,0,0,0,0,0,1,0
1,1,16,1,1,1,2,2,2,2,0,0,0,1,1,0,1,1,0,3,4,4,1,4,5,2,13,13,11,26,0.5,0,0,1,0,0,1,0,0,0,0,1,1,0
1,0,17,1,1,1,3,3,1,2,0,0,0,0,1,0,1,1,0,4,3,4,1,4,4,4,6,5,6,11,0.6666666666666666,0,1,0,0,0,1,0,0,0,0,1,0,0
1,0,16,0,1,1,4,2,1,1,0,0,1,0,1,1,1,1,1,4,3,3,3,4,3,10,10,8,9,18,0.3333333333333333,0,0,0,1,0,0,1,0,0,1,0,1,0
1,0,17,1,1,1,4,3,1,2,0,0,1,0,1,1,1,1,1,5,2,3,1,1,2,4,10,10,11,20,1.0,0,1,0,0,0,1,0,0,0,0,0,1,0
1,0,16,1,1,1,4,3,1,2,0,0,1,1,1,1,1,1,0,3,4,3,2,3,3,10,9,8,8,17,0.5,0,0,0,1,0,1,0,0,1,0,0,1,0
1,0,16,1,1,1,3,3,1,2,0,0,0,1,1,1,1,1,1,4,2,3,1,2,3,2,12,13,12,25,1.0,0,0,1,0,0,1,0,0,1,0,0,1,0
1,1,17,1,1,1,2,4,1,2,0,0,1,0,1,1,1,0,0,5,4,2,2,3,5,0,16,17,17,33,0.5,0,0,1,0,0,0,1,0,0,0,1,0,0
1,1,17,1,0,1,3,3,1,2,0,0,1,0,1,1,1,1,1,5,3,3,2,3,1,56,9,9,8,18,0.6666666666666666,0,1,0,0,0,1,0,0,0,0,1,1,0
1,1,16,1,1,1,3,2,1,2,0,0,1,1,0,1,1,1,0,1,2,2,1,2,1,14,12,13,12,25,1.0,0,1,0,0,0,1,0,0,0,0,1,1,0
1,0,17,1,1,1,3,3,1,2,0,0,1,0,1,1,1,1,1,4,3,4,2,3,4,12,12,12,11,24,0.6666666666666666,0,0,1,0,0,0,1,0,0,1,0,1,0
1,0,16,1,1,1,1,2,1,1,0,0,1,1,1,1,1,1,1,3,3,3,1,2,3,2,11,12,11,23,0.3333333333333333,0,0,1,0,0,0,1,0,0,1,0,1,0
1,0,16,1,0,1,2,1,1,2,0,0,0,1,1,1,1,1,1,4,2,3,1,2,5,0,15,15,15,30,1.0,0,1,0,0,0,1,0,0,0,0,0,1,0
1,1,17,1,1,0,3,3,1,2,0,0,1,0,0,0,1,1,1,3,3,3,1,3,3,6,8,7,9,15,0.6666666666666666,1,0,0,0,0,1,0,0,0,0,1,1,0
1,0,17,0,1,1,1,2,1,2,0,0,0,0,0,1,1,0,0,3,1,3,1,5,3,4,8,9,10,17,2.0,0,0,0,0,0,1,0,0,1,0,0,1,0
1,1,16,1,1,1,2,3,1,2,0,0,0,0,0,1,1,1,0,4,3,3,1,1,2,10,11,12,13,23,0.6666666666666666,0,0,1,0,0,0,1,0,0,0,0,1,0
1,1,17,1,1,1,1,1,1,2,0,0,0,0,1,1,1,1,0,5,3,3,1,1,3,0,8,8,9,16,0.6666666666666666,0,0,0,0,0,0,1,0,0,0,0,1,0
1,0,17,1,1,1,1,2,2,2,0,0,0,1,1,0,1,1,0,4,4,4,4,5,5,12,7,8,8,15,0.5,0,0,0,0,0,0,1,0,0,1,0,0,1
1,0,16,0,1,1,3,3,1,1,0,0,1,0,1,1,1,1,0,4,3,2,3,4,5,8,8,9,10,17,0.3333333333333333,0,0,1,0,0,0,1,0,0,0,1,1,0
1,0,16,1,1,1,2,3,2,1,0,0,0,0,0,1,1,1,0,5,3,3,1,1,3,0,13,14,14,27,0.3333333333333333,0,1,0,0,0,1,0,0,1,0,0,0,0
1,1,17,1,0,1,2,4,1,2,0,0,0,0,1,1,1,1,1,4,3,2,1,1,5,0,14,15,15,29,0.6666666666666666,0,0,1,0,0,0,1,0,0,0,0,0,0
1,0,17,1,1,1,4,4,1,1,0,0,0,0,0,1,1,1,0,5,2,3,1,2,5,4,17,15,16,32,0.5,0,0,1,0,0,0,0,1,1,0,0,1,0
1,0,16,0,0,1,3,3,3,1,0,0,1,1,1,1,1,1,0,3,3,4,3,5,3,8,9,9,10,18,0.3333333333333333,0,0,0,1,0,1,0,0,1,0,0,0,0
1,1,17,1,1,1,4,4,2,1,1,0,1,0,0,1,1,1,0,4,2,4,2,3,2,24,18,18,18,36,0.5,0,0,1,0,0,0,0,1,1,0,0,1,0
1,1,16,1,0,1,4,4,1,2,0,0,1,1,0,1,1,1,0,4,5,2,1,2,3,0,9,9,10,18,0.4,0,0,0,1,0,0,0,1,0,0,1,1,0
1,1,16,1,1,1,4,3,1,2,0,0,1,0,1,1,1,1,0,4,3,5,1,5,2,2,16,16,16,32,0.6666666666666666,1,0,0,0,0,1,0,0,1,0,0,1,0
1,1,16,1,1,1,2,3,1,2,0,1,1,1,1,1,1,0,0,4,4,3,1,3,4,6,8,10,10,18,0.5,0,1,0,0,0,1,0,0,0,0,1,1,0
1,1,17,1,1,1,1,1,1,2,0,0,1,1,0,0,1,0,0,4,4,4,1,3,1,4,9,9,10,18,0.5,0,1,0,0,0,1,0,0,0,0,0,1,0
1,1,17,0,1,1,2,2,1,1,0,0,1,0,0,1,1,1,0,5,3,2,1,2,3,18,7,6,6,13,0.3333333333333333,0,1,0,0,0,1,0,0,0,0,1,1,0
1,1,16,0,1,1,2,2,2,4,0,0,1,1,1,0,1,1,0,5,3,5,1,1,5,6,10,10,11,20,1.3333333333333333,0,0,1,0,0,0,1,0,0,0,1,1,0
1,1,17,1,1,1,3,4,1,3,1,0,1,1,0,1,1,1,1,4,4,3,3,4,5,28,10,9,9,19,0.75,0,0,0,0,0,0,1,0,1,0,0,1,0
1,1,16,1,1,0,3,1,1,2,3,0,1,1,0,1,1,1,0,2,3,3,2,2,4,5,7,7,7,14,0.6666666666666666,0,0,1,0,0,1,0,0,0,0,0,1,0
1,1,16,1,1,1,4,3,1,2,0,0,0,1,1,1,1,1,1,1,3,2,1,1,1,10,11,12,13,23,0.6666666666666666,0,0,0,1,0,1,0,0,0,1,0,1,0
1,1,16,1,1,1,1,1,2,1,0,0,1,1,0,1,1,0,0,4,3,2,1,4,5,6,9,9,10,18,0.3333333333333333,0,0,0,0,0,1,0,0,1,0,0,1,0
1,1,17,0,1,1,4,3,2,3,0,0,1,1,1,1,1,1,1,4,4,2,1,1,4,6,7,7,7,14,0.75,0,0,0,1,0,1,0,0,0,0,1,1,0
1,1,19,1,1,1,3,3,1,4,0,0,1,1,1,1,1,1,0,4,3,3,1,2,3,10,8,8,8,16,1.3333333333333333,0,1,0,0,0,1,0,0,0,0,1,0,1
1,0,17,1,0,1,4,4,1,2,0,0,1,1,0,1,1,1,1,5,3,5,4,5,3,13,12,12,13,24,0.6666666666666666,0,0,1,0,0,1,0,0,1,0,0,1,0
1,1,16,1,1,0,2,2,1,2,0,1,1,1,0,1,1,1,0,3,3,4,1,1,4,0,12,13,14,25,0.6666666666666666,0,1,0,0,0,1,0,0,0,0,1,1,0
1,0,18,1,1,1,2,2,1,2,1,0,1,1,1,1,1,1,0,4,4,4,2,4,5,15,6,7,8,13,0.5,0,0,1,0,0,1,0,0,1,0,0,1,0
1,1,17,0,0,1,4,4,1,1,0,0,1,1,0,1,1,0,0,5,2,1,1,2,3,12,8,10,10,18,0.5,0,0,1,0,0,1,0,0,0,1,0,1,0
1,1,17,1,0,1,3,2,2,2,0,0,0,1,0,1,1,1,0,4,4,4,1,3,1,2,14,15,15,29,0.5,0,1,0,0,0,1,0,0,0,0,1,1,0
1,1,17,1,1,1,4,3,1,2,2,0,0,1,0,1,1,1,1,3,4,5,2,4,1,22,6,6,4,12,0.5,0,1,0,0,0,1,0,0,0,0,1,1,0
1,0,18,1,0,1,3,3,1,2,1,0,1,1,0,1,1,1,0,3,2,4,2,4,4,13,6,6,8,12,1.0,0,0,1,0,1,0,0,0,1,0,0,0,0
1,1,17,1,1,1,2,3,2,1,0,0,1,1,0,1,1,0,0,3,3,3,1,4,3,3,7,7,8,14,0.3333333333333333,0,0,0,0,0,1,0,0,1,0,0,0,0
1,1,17,1,1,1,2,2,1,3,0,0,1,1,1,1,1,1,0,4,3,3,1,1,4,4,9,10,10,19,1.0,0,0,0,0,0,0,0,0,0,0,0,1,0
1,1,17,0,1,1,2,1,2,2,0,0,1,0,1,1,1,1,0,4,2,5,1,2,5,2,6,6,6,12,1.0,0,0,0,0,0,0,1,0,0,0,1,1,0
1,1,17,1,1,1,1,1,1,3,1,0,1,0,1,1,1,0,1,4,3,4,1,1,5,0,6,5,0,11,1.0,0,0,0,0,0,1,0,0,0,0,1,1,0
1,1,16,1,1,1,2,3,1,2,0,1,0,0,0,1,1,1,0,2,3,1,1,1,3,2,16,16,17,32,0.6666666666666666,0,0,1,0,0,0,0,1,0,1,0,1,0
1,0,18,1,1,1,2,2,2,2,0,0,1,1,0,1,1,1,0,3,3,3,5,5,4,0,12,13,13,25,0.6666666666666666,0,1,0,0,0,1,0,0,1,0,0,1,0
1,1,16,1,1,1,4,4,1,3,0,0,1,0,1,0,1,1,0,5,3,2,1,1,5,0,13,13,14,26,1.0,0,0,0,1,0,0,1,0,1,0,0,1,0
1,1,18,0,1,1,3,1,1,2,1,0,0,0,1,1,1,1,1,5,3,3,1,1,4,16,9,8,7,17,0.6666666666666666,0,1,0,0,0,1,0,0,0,0,1,1,0
1,1,17,1,1,1,3,2,1,2,0,0,0,0,1,0,1,1,0,5,3,4,1,3,3,10,16,15,15,31,0.6666666666666666,0,1,0,0,0,1,0,0,0,0,0,1,0
1,0,17,1,0,1,2,3,1,2,0,0,1,1,0,0,1,1,0,5,3,3,1,3,3,2,12,11,12,23,0.6666666666666666,0,0,1,0,0,0,1,0,0,0,1,0,0
1,0,18,1,0,1,2,1,4,2,0,1,1,1,1,1,1,1,1,4,3,2,4,5,3,14,10,8,9,18,0.6666666666666666,0,0,0,0,0,1,0,0,0,0,0,1,0
1,1,17,1,1,0,2,1,2,3,0,0,0,0,1,1,1,1,1,3,2,3,1,2,3,10,12,10,12,22,1.5,0,1,0,0,0,1,0,0,0,0,0,1,0
1,1,17,1,0,1,4,3,1,2,0,0,0,0,1,1,1,1,1,3,2,3,1,2,3,14,13,13,14,26,1.0,1,0,0,0,0,1,0,0,0,0,1,0,0
1,0,17,0,1,1,2,2,2,2,0,0,1,1,1,1,1,1,0,4,5,2,1,1,1,4,11,11,11,22,0.4,0,1,0,0,0,1,0,0,0,0,0,0,0
1,0,17,1,1,1,4,4,1,2,0,1,1,0,1,1,1,1,1,4,5,5,1,3,2,14,11,9,9,20,0.4,0,0,0,1,0,0,0,1,0,0,1,1,0
1,0,16,1,1,1,4,4,1,2,0,0,1,1,1,1,1,1,0,4,2,4,2,4,1,2,14,13,13,27,1.0,1,0,0,0,0,1,0,0,0,0,1,0,0
1,0,16,1,0,1,1,1,2,2,0,0,1,1,0,1,1,1,0,3,4,2,1,1,5,18,9,7,6,16,0.5,0,1,0,0,0,1,0,0,1,0,0,1,0
1,0,16,1,1,1,3,2,2,3,0,0,0,0,1,1,1,1,1,5,3,3,1,3,2,10,11,9,10,20,1.0,0,0,0,0,0,1,0,0,0,0,1,1,0
1,0,17,1,0,1,2,2,1,2,0,0,0,1,1,0,1,1,1,4,4,2,5,5,4,4,14,13,13,27,0.5,0,1,0,0,0,1,0,0,1,0,0,0,0
1,1,16,1,1,1,2,1,1,1,0,0,0,0,0,1,1,1,1,4,5,2,1,1,5,20,13,12,12,25,0.2,0,1,0,0,0,1,0,0,1,0,0,1,0
1,1,17,0,1,1,2,1,3,2,0,0,0,0,1,1,1,0,0,2,1,1,1,1,3,2,13,11,11,24,2.0,0,0,0,0,0,0,1,0,0,0,0,1,0
1,0,18,1,1,1,2,2,1,2,1,0,0,0,0,1,0,1,0,5,5,4,3,5,2,0,7,7,0,14,0.4,0,1,0,0,0,0,1,0,0,0,1,0,0
1,0,17,1,0,1,4,3,2,2,0,0,0,0,1,1,1,1,1,2,5,5,1,4,5,14,12,12,12,24,0.4,1,0,0,0,0,1,0,0,0,0,0,1,0
1,0,17,0,0,0,4,4,2,2,0,0,1,1,0,1,1,1,0,3,3,3,2,3,4,2,10,11,12,21,0.6666666666666666,0,0,0,1,0,1,0,0,0,0,0,1,0
1,0,16,1,0,1,4,3,1,1,0,0,0,0,1,0,1,1,0,5,4,5,1,1,3,0,6,0,0,6,0.25,0,0,0,1,0,1,0,0,0,0,0,1,0
1,0,16,1,1,1,4,4,1,1,0,0,0,0,1,1,1,1,0,5,3,2,1,2,5,0,13,12,12,25,0.3333333333333333,0,0,1,0,0,0,1,0,0,0,0,1,0
1,1,18,1,1,1,2,1,2,3,0,0,1,1,0,0,1,1,1,4,4,4,1,1,3,0,7,0,0,7,0.75,0,1,0,0,0,1,0,0,0,0,0,0,1
1,0,16,1,1,1,2,1,3,1,0,0,0,0,0,1,1,1,0,4,3,3,1,1,4,6,18,18,18,36,0.3333333333333333,0,1,0,0,0,1,0,0,0,0,0,1,0
1,0,17,1,1,1,2,3,2,1,0,0,0,0,0,1,1,1,0,5,2,2,1,1,2,4,12,12,13,24,0.5,0,1,0,0,0,1,0,0,0,0,0,0,0
1,0,22,1,1,1,3,1,1,1,3,0,0,0,0,0,0,1,1,5,4,5,5,5,1,16,6,8,8,14,0.25,0,0,1,0,0,0,1,0,0,1,0,1,0
1,0,18,0,0,1,3,3,1,2,1,0,1,0,0,1,1,1,1,4,3,3,1,3,5,8,3,5,5,8,0.6666666666666666,0,1,0,0,0,0,1,0,0,0,0,1,0
1,0,16,1,1,1,0,2,1,1,0,0,0,1,0,0,1,1,0,4,3,2,2,4,5,0,13,15,15,28,0.3333333333333333,0,1,0,0,0,1,0,0,0,1,0,1,0
1,0,18,1,1,1,3,2,2,1,1,0,0,0,0,1,0,1,0,4,4,5,2,4,5,0,6,8,8,14,0.25,0,0,1,0,0,1,0,0,0,0,0,1,0
1,0,16,1,1,1,3,3,3,2,0,1,1,0,0,0,1,1,0,5,3,3,1,3,2,6,7,10,10,17,0.6666666666666666,0,0,0,0,0,1,0,0,0,0,1,0,1
1,0,18,1,1,1,2,1,1,1,1,0,0,0,0,0,0,1,0,3,2,5,2,5,5,4,6,9,8,15,0.5,0,0,1,0,0,0,1,0,0,1,0,1,0
1,0,16,0,1,1,2,1,2,1,0,0,0,0,1,0,1,0,0,3,3,2,1,3,3,0,8,9,8,17,0.3333333333333333,0,1,0,0,0,1,0,0,0,0,0,1,0
1,0,17,0,1,1,2,1,1,1,0,0,0,0,0,0,1,1,0,4,4,2,2,4,5,0,8,12,12,20,0.25,0,1,0,0,0,1,0,0,0,0,0,1,0
1,0,17,1,0,1,1,1,2,1,1,0,1,0,1,1,1,1,0,4,4,4,1,2,5,2,7,9,8,16,0.25,1,0,0,0,0,1,0,0,0,0,0,1,0
1,1,17,1,0,1,4,2,1,4,0,0,1,1,1,1,1,1,0,4,2,3,1,1,4,6,14,12,13,26,2.0,0,0,0,1,0,0,1,0,0,0,1,1,0
1,0,19,1,0,0,4,3,1,2,0,0,1,0,0,1,1,1,0,4,3,1,1,1,1,12,11,11,11,22,0.6666666666666666,0,0,1,0,0,0,0,0,0,0,1,1,0
1,0,18,1,1,1,2,1,1,2,0,0,0,0,1,1,1,1,0,5,2,4,1,2,4,8,15,14,14,29,1.0,0,1,0,0,0,1,0,0,1,0,0,1,0
1,1,17,1,0,1,2,2,1,4,0,0,0,1,1,1,1,1,1,3,4,1,1,1,2,0,10,9,0,19,1.0,0,0,1,0,0,0,1,0,0,0,0,0,0
1,1,18,1,1,1,4,3,1,2,0,0,1,1,0,1,1,1,1,3,1,2,1,3,2,21,17,18,18,35,2.0,0,0,1,0,0,1,0,0,1,0,0,0,0
1,0,18,1,1,1,4,3,1,2,0,0,1,1,0,0,1,1,0,4,3,2,1,1,3,2,8,8,8,16,0.6666666666666666,0,0,0,1,0,1,0,0,0,0,0,1,0
1,0,18,0,1,1,3,2,1,3,0,0,0,0,1,0,1,0,0,5,3,2,1,1,3,1,13,12,12,25,1.0,0,1,0,0,0,1,0,0,0,0,0,1,0
1,1,17,1,1,1,3,3,1,3,0,0,0,0,1,0,1,0,0,3,2,3,1,1,4,4,10,9,9,19,1.5,0,1,0,0,0,1,0,0,1,0,0,1,0
1,1,18,1,1,1,2,2,1,3,0,0,1,1,1,1,1,1,1,4,3,3,1,1,3,0,9,10,0,19,1.0,0,0,0,0,0,0,1,0,1,0,0,1,0
1,0,18,0,0,0,3,4,2,2,0,0,1,1,1,1,1,1,0,4,2,5,3,4,1,13,17,17,17,34,1.0,0,1,0,0,0,1,0,0,0,0,1,1,0
1,0,17,1,1,1,3,1,1,2,0,0,0,1,1,1,1,1,1,5,4,4,3,4,5,2,9,9,10,18,0.5,0,0,1,0,0,1,0,0,0,1,0,1,0
1,1,18,0,1,1,4,4,2,2,0,0,0,1,1,1,1,1,0,4,3,4,2,2,4,8,12,10,11,22,0.6666666666666666,0,0,0,1,0,1,0,0,0,0,1,1,0
1,0,18,1,1,1,4,2,1,2,0,0,1,1,1,1,1,1,1,5,4,5,1,3,5,10,10,9,10,19,0.5,1,0,0,0,0,1,0,0,0,0,1,0,0
1,1,18,0,1,1,2,1,2,2,0,0,1,0,0,1,0,1,1,4,3,5,1,2,3,0,6,0,0,6,0.6666666666666666,0,1,0,0,0,1,0,0,0,0,1,1,0
1,1,19,1,1,1,3,3,1,2,2,0,1,1,1,1,1,1,0,4,3,5,3,3,5,15,9,9,9,18,0.6666666666666666,0,1,0,0,0,0,1,0,1,0,0,0,1
1,1,18,1,1,1,2,3,1,4,0,0,1,1,1,1,1,1,1,4,5,5,1,3,2,4,15,14,14,29,0.8,0,1,0,0,0,0,1,0,0,0,1,0,0
1,1,18,1,0,1,1,1,2,2,0,0,1,1,0,0,1,0,0,4,4,3,1,1,3,2,11,11,11,22,0.5,0,1,0,0,0,1,0,0,1,0,0,1,0
1,0,17,0,1,1,1,2,1,2,0,0,1,1,1,0,1,0,1,3,5,2,2,2,1,2,15,14,14,29,0.4,0,0,0,0,0,0,0,0,1,0,0,1,0
1,1,17,1,1,1,2,4,2,2,0,0,1,1,0,1,1,1,1,4,3,3,1,1,1,2,10,10,10,20,0.6666666666666666,0,0,0,0,1,0,0,0,0,0,1,1,0
1,1,17,1,0,1,2,2,2,2,0,1,1,1,0,1,1,1,1,4,4,4,2,3,5,6,12,12,12,24,0.5,0,0,1,0,0,1,0,0,0,0,0,1,0
1,1,18,0,1,0,3,2,2,2,0,0,0,0,0,0,0,1,1,4,1,1,1,1,5,75,10,9,9,19,2.0,0,1,0,0,0,0,1,0,1,0,0,1,0
1,0,18,1,1,1,4,4,2,1,0,0,0,1,1,1,1,1,0,3,2,4,1,4,3,22,9,9,9,18,0.5,0,0,0,1,0,0,1,0,1,0,0,1,0
1,1,18,1,1,1,4,4,1,2,1,1,1,0,1,1,1,1,1,2,4,4,1,1,4,15,9,8,8,17,0.5,1,0,0,0,1,0,0,0,0,0,1,0,0
1,0,18,1,0,1,4,3,2,1,0,0,0,1,1,1,1,1,0,4,2,3,1,2,1,8,10,11,10,21,0.5,0,0,0,1,0,0,1,0,0,0,0,1,0
1,0,17,1,0,0,4,1,2,1,0,0,0,1,1,1,1,1,1,4,5,4,2,4,5,30,8,8,8,16,0.2,0,0,1,0,0,1,0,0,1,0,0,1,0
1,0,17,1,0,0,3,2,1,1,1,0,0,0,0,1,1,1,0,4,4,4,3,4,3,19,11,9,10,20,0.25,0,0,0,1,0,0,1,0,1,0,0,1,0
1,1,18,0,0,1,1,1,2,4,0,0,1,1,1,1,1,0,0,5,2,2,1,1,3,1,12,12,12,24,2.0,0,0,0,0,0,1,0,0,0,0,1,1,0
1,1,18,1,1,1,1,1,2,2,0,1,0,0,1,1,1,1,0,5,4,4,1,1,4,4,8,9,10,17,0.5,0,1,0,0,0,1,0,0,1,0,0,1,0
1,1,17,1,1,1,2,2,1,2,0,0,1,0,0,0,1,1,0,5,4,5,1,2,5,4,10,9,11,19,0.5,0,1,0,0,0,1,0,0,0,0,0,1,0
1,0,17,1,1,1,1,1,1,2,0,0,0,1,0,0,1,1,0,4,3,3,1,2,4,2,12,10,11,22,0.6666666666666666,0,1,0,0,0,1,0,0,0,0,1,0,0
1,1,18,1,1,1,2,2,1,3,0,0,1,1,0,1,1,1,0,4,3,3,1,2,2,5,18,18,19,36,1.0,0,0,0,0,0,0,0,0,0,1,0,1,0
1,1,17,1,1,1,1,1,1,3,0,0,1,1,0,1,1,1,0,4,3,3,1,1,3,6,13,12,12,25,1.0,0,0,1,0,0,0,0,1,0,0,1,1,0
1,0,18,1,1,1,2,1,1,3,0,0,0,1,1,1,1,1,0,4,2,4,1,3,2,6,15,14,14,29,1.5,0,0,1,0,0,0,1,0,0,0,1,1,0
1,0,18,1,0,0,4,4,1,2,0,0,1,1,1,1,1,1,0,5,4,3,1,1,2,9,15,13,15,28,0.5,0,0,0,1,0,0,0,1,0,0,1,1,0
1,0,18,1,1,1,4,2,1,2,0,0,1,1,1,1,1,1,1,4,3,2,1,4,5,11,12,11,11,23,0.6666666666666666,0,0,0,1,0,1,0,0,1,0,0,1,0
1,1,17,1,1,1,4,3,1,3,0,0,1,1,0,1,1,1,0,4,2,2,1,2,3,0,15,15,15,30,1.5,1,0,0,0,0,0,1,0,0,0,1,1,0
1,1,18,1,0,1,2,1,1,2,1,0,0,0,0,1,1,1,1,5,4,3,1,1,5,12,12,12,13,24,0.5,0,0,1,0,0,0,0,0,0,0,1,1,0
1,1,17,0,0,1,3,1,2,4,0,0,1,1,0,1,1,0,0,3,1,2,1,1,3,6,18,18,18,36,4.0,0,0,1,0,0,1,0,0,0,0,1,1,0
1,0,18,0,0,1,3,2,2,3,0,0,1,1,1,1,1,1,0,5,4,2,1,1,4,8,14,13,14,27,0.75,0,0,1,0,0,1,0,0,0,0,1,1,0
1,0,17,1,1,1,3,3,1,1,0,0,1,1,0,1,1,1,0,4,4,3,1,3,5,4,14,12,11,26,0.25,1,0,0,0,0,1,0,0,1,0,0,1,0
1,1,19,1,1,1,4,4,2,2,0,0,1,1,1,1,1,1,0,2,3,4,2,3,2,0,10,9,0,19,0.6666666666666666,1,0,0,0,0,1,0,0,0,0,1,0,1
1,1,18,1,0,1,4,3,2,2,0,0,1,1,0,1,1,1,1,4,4,5,1,2,2,10,10,8,8,18,0.5,0,1,0,0,0,1,0,0,1,0,0,0,1
1,1,18,1,1,1,4,3,1,4,0,0,1,1,0,1,1,1,0,4,3,3,1,1,3,0,14,13,14,27,1.3333333333333333,0,1,0,0,0,1,0,0,0,0,1,0,0
1,0,18,1,0,1,4,4,1,1,0,0,1,1,0,1,1,1,1,1,4,2,2,2,1,5,16,15,16,31,0.25,0,0,0,1,0,0,0,1,1,0,0,1,0
1,1,18,1,0,0,4,4,1,2,0,0,1,0,0,1,1,1,1,4,2,4,1,1,4,14,12,10,11,22,1.0,1,0,0,0,0,1,0,0,1,0,0,1,0
1,0,17,1,0,1,4,4,2,1,0,0,0,1,0,1,1,1,0,4,1,1,2,2,5,0,11,11,10,22,1.0,0,1,0,0,0,0,0,1,1,0,0,0,0
1,1,17,1,1,1,4,2,2,3,0,0,1,1,0,1,1,1,0,4,3,3,1,1,3,0,15,12,14,27,1.0,0,1,0,0,0,1,0,0,0,0,1,1,0
1,1,17,1,1,1,3,2,1,4,0,0,1,1,1,0,1,1,0,5,2,2,1,2,5,0,17,17,18,34,2.0,1,0,0,0,1,0,0,0,0,0,1,0,0
1,0,19,1,1,1,3,3,1,2,1,0,1,0,1,1,1,1,1,4,4,4,1,1,3,20,15,14,13,29,0.5,0,1,0,0,0,1,0,0,1,0,0,0,1
1,1,18,1,1,1,2,4,1,2,1,0,1,1,1,1,1,1,0,4,4,3,1,1,3,8,14,12,12,26,0.5,0,0,1,0,0,0,0,0,0,0,1,0,1
1,0,20,1,1,0,3,2,1,1,0,0,0,0,1,1,1,0,0,5,5,3,1,1,5,0,17,18,18,35,0.2,0,0,1,0,0,1,0,0,0,0,0,0,1
1,0,19,1,1,1,4,4,2,1,1,0,1,1,0,1,1,1,1,4,3,4,1,1,4,38,8,9,8,17,0.3333333333333333,0,0,0,1,0,0,1,0,0,0,1,0,1
1,0,19,0,1,1,3,3,1,2,1,0,0,0,1,1,1,0,1,4,5,3,1,2,5,0,15,12,12,27,0.4,0,1,0,0,0,0,1,0,0,0,1,0,0
1,1,19,1,0,1,1,1,1,2,1,1,1,0,1,0,1,1,0,4,4,3,1,3,3,18,12,10,10,22,0.5,0,0,0,0,0,1,0,0,0,0,1,0,1
1,1,19,1,0,1,1,2,1,2,1,0,0,0,1,0,1,0,1,4,2,4,2,2,3,0,9,9,0,18,1.0,0,0,1,0,0,0,1,0,1,0,0,0,1
1,1,19,1,1,1,2,1,3,2,0,0,1,0,0,1,0,1,1,3,4,1,1,1,2,20,14,12,13,26,0.5,0,0,0,0,0,1,0,0,0,1,0,0,1
1,0,19,1,1,1,1,2,1,2,1,0,0,0,0,0,1,1,0,4,5,2,2,2,4,3,13,11,11,24,0.4,0,1,0,0,0,0,1,0,0,0,0,0,1
1,1,19,1,0,1,3,2,2,2,1,0,1,1,0,0,1,1,1,4,2,2,1,2,1,22,13,10,11,23,1.0,0,0,1,0,0,1,0,0,0,0,1,0,1
1,1,19,1,1,1,1,1,1,3,2,0,0,0,0,0,1,1,1,4,1,2,1,1,3,14,15,13,13,28,3.0,0,0,0,0,1,0,0,0,1,0,0,0,1
1,1,19,0,1,1,2,3,1,3,1,0,0,0,0,1,1,1,1,4,1,2,1,1,3,40,13,11,11,24,3.0,0,1,0,0,0,1,0,0,0,0,1,0,1
1,1,18,1,1,1,2,1,2,2,0,0,1,1,1,1,1,1,0,5,3,3,1,2,1,0,8,8,0,16,0.6666666666666666,0,0,1,0,0,1,0,0,0,0,0,1,0
1,1,18,1,1,1,4,3,1,3,0,0,1,1,1,1,1,1,1,4,3,4,1,1,5,9,9,10,9,19,1.0,0,1,0,0,0,1,0,0,0,0,0,1,0
1,1,17,0,1,1,3,4,1,3,0,0,1,1,1,0,1,1,0,4,3,4,2,5,5,0,11,11,10,22,1.0,0,0,0,0,0,0,1,0,0,0,0,0,0
1,1,18,1,1,1,4,4,1,2,0,0,1,1,0,1,1,1,0,4,4,4,3,3,5,2,11,11,11,22,0.5,0,0,0,1,0,1,0,0,0,0,0,1,0
1,1,17,1,1,0,4,3,1,2,0,0,1,1,0,1,1,1,1,5,2,2,1,2,5,23,13,13,13,26,1.0,0,0,1,0,0,0,1,0,0,0,0,1,0
1,1,17,1,1,1,2,2,1,2,0,0,1,0,0,1,1,0,1,4,2,2,1,1,3,12,11,9,9,20,1.0,0,1,0,0,0,1,0,0,0,0,0,1,0
1,1,17,0,0,1,2,2,1,3,0,0,1,1,1,1,1,1,0,3,3,2,2,2,3,3,11,11,11,22,1.0,0,0,1,0,0,0,1,0,0,0,0,1,0
1,1,17,1,1,1,3,1,1,3,0,0,1,0,0,0,1,1,0,3,4,3,2,3,5,1,12,14,15,26,0.75,0,0,1,0,0,0,1,0,0,0,0,0,0
1,1,17,1,0,1,0,2,2,3,0,0,0,0,0,1,1,1,0,3,3,3,2,3,2,0,16,15,15,31,1.0,0,0,0,0,0,0,0,0,1,0,0,0,0
1,0,18,1,1,1,4,4,1,3,0,0,0,0,1,1,1,1,0,4,3,3,2,2,3,3,9,12,11,21,1.0,0,1,0,0,0,1,0,0,0,0,0,1,0
1,0,17,1,1,1,3,3,1,1,0,0,0,0,1,0,1,1,0,4,3,5,3,5,5,3,14,15,16,29,0.3333333333333333,0,1,0,0,0,0,1,0,0,0,1,1,0
1,0,17,0,1,1,2,2,4,1,0,0,1,0,0,1,1,1,0,4,4,5,5,5,4,8,11,10,10,21,0.25,0,0,1,0,0,1,0,0,0,0,0,1,0
1,1,17,1,1,1,4,4,1,3,0,0,1,1,1,1,1,1,0,5,4,4,1,3,4,7,10,9,9,19,0.75,0,0,0,1,0,0,1,0,0,0,0,1,0
1,1,17,1,1,1,4,4,2,3,0,0,1,1,0,0,1,1,1,4,3,3,1,2,4,4,14,14,14,28,1.0,0,0,0,1,0,0,0,1,0,0,0,1,0
1,0,18,1,0,1,2,2,1,4,0,0,1,0,1,1,1,1,0,4,5,5,2,4,5,2,9,8,8,17,0.8,0,1,0,0,0,1,0,0,0,0,0,1,0
1,1,17,0,1,1,2,4,1,3,0,0,1,0,0,1,1,1,1,4,4,3,1,1,5,7,12,14,14,26,0.75,0,0,0,0,0,1,0,0,0,0,0,0,0
1,1,18,1,1,1,3,3,1,2,0,0,0,0,1,1,1,1,0,5,3,4,1,1,4,0,7,0,0,7,0.6666666666666666,0,0,1,0,0,0,1,0,1,0,0,1,0
1,1,18,1,0,1,2,2,1,2,0,0,0,0,1,0,1,1,1,4,3,3,1,1,2,0,8,8,0,16,0.6666666666666666,0,1,0,0,0,1,0,0,1,0,0,0,1
1,1,18,0,1,1,2,2,2,4,0,0,0,0,1,1,1,0,0,4,4,4,1,1,4,0,10,9,0,19,1.0,0,0,0,0,0,1,0,0,0,0,0,1,0
1,1,17,1,1,1,3,4,1,3,0,0,0,0,0,1,1,1,0,4,4,5,1,3,5,16,16,15,15,31,0.75,0,0,1,0,0,1,0,0,0,0,0,1,0
1,1,19,0,1,0,3,1,1,3,1,0,0,1,0,1,1,0,0,5,4,3,1,2,5,12,14,13,13,27,0.75,0,0,1,0,0,0,0,0,1,0,0,0,1
1,1,17,1,1,1,3,2,1,2,0,0,1,1,0,1,1,1,1,4,3,2,2,3,2,0,7,8,0,15,0.6666666666666666,0,1,0,0,0,1,0,0,1,0,0,1,0
1,1,18,1,0,1,3,3,1,4,0,0,1,0,0,1,1,1,0,5,3,3,1,1,1,7,16,15,17,31,1.3333333333333333,0,0,1,0,0,0,1,0,1,0,0,1,0
1,1,17,0,1,0,3,2,1,2,0,0,1,1,0,1,1,1,0,4,3,3,2,3,2,4,9,10,10,19,0.6666666666666666,0,1,0,0,0,1,0,0,1,0,0,1,0
1,1,19,1,1,1,2,1,1,3,1,0,0,1,1,1,1,1,1,4,3,4,1,3,3,4,11,12,11,23,1.0,0,0,1,0,0,0,1,0,1,0,0,0,1
1,0,18,1,1,1,4,4,1,2,1,0,1,0,1,1,1,1,0,4,3,3,2,2,2,0,10,10,0,20,0.6666666666666666,0,0,0,1,0,0,1,0,1,0,0,0,0
1,0,18,1,0,1,3,4,1,2,0,0,0,0,1,1,1,1,1,4,3,3,1,3,5,11,16,15,15,31,0.6666666666666666,0,0,1,0,0,1,0,0,1,0,0,1,0
1,1,17,1,1,0,2,2,1,2,1,0,1,0,0,1,1,1,1,3,3,1,1,2,4,0,9,8,0,17,0.6666666666666666,0,0,0,0,0,0,0,0,1,0,0,0,0
1,1,18,1,1,1,2,3,1,3,0,0,1,0,0,1,1,1,0,4,3,3,1,2,3,4,11,10,10,21,1.0,0,0,0,0,0,1,0,0,0,0,0,1,0
1,1,18,1,1,1,3,2,1,3,0,0,0,0,0,1,1,1,1,5,4,3,2,3,1,7,13,13,14,26,0.75,0,1,0,0,0,0,1,0,0,1,0,1,0
1,0,18,0,1,1,4,3,1,3,0,0,0,0,0,1,1,1,1,5,3,2,1,2,4,9,16,15,16,31,1.0,0,0,0,1,0,0,1,0,0,0,0,1,0
1,0,18,1,1,1,4,3,1,3,0,0,1,1,0,1,1,1,1,5,4,5,2,3,5,0,10,10,9,20,0.75,0,0,0,1,0,1,0,0,0,0,0,1,0
1,1,17,1,1,1,4,3,1,3,0,0,1,1,1,1,1,1,1,4,4,3,1,3,4,0,13,15,15,28,0.75,1,0,0,0,0,1,0,0,0,0,1,1,0
0,0,18,0,1,1,3,2,2,1,1,0,1,0,0,0,1,1,0,2,5,5,5,5,5,10,11,13,13,24,0.2,0,1,0,0,0,1,0,0,0,0,0,1,0
0,0,19,0,1,1,1,1,3,2,3,0,0,0,0,1,1,1,0,5,4,4,3,3,2,8,8,7,8,15,0.5,0,1,0,0,0,0,1,0,1,0,0,0,1
0,0,17,1,1,1,3,3,2,2,0,0,1,1,0,1,1,1,0,4,5,4,2,3,3,2,13,13,13,26,0.4,1,0,0,0,0,1,0,0,0,0,0,1,0
0,0,18,1,0,1,1,3,1,1,1,0,0,0,0,1,0,1,1,4,3,3,2,3,3,7,8,7,8,15,0.3333333333333333,0,0,0,0,0,0,1,0,0,0,0,1,0
0,0,19,0,1,1,1,1,3,1,1,0,1,0,0,1,1,1,0,4,4,4,3,3,5,4,8,8,8,16,0.25,0,1,0,0,0,1,0,0,1,0,0,0,1
0,0,17,0,1,1,4,3,2,2,0,0,1,1,1,0,1,1,1,4,5,5,1,3,2,4,13,11,11,24,0.4,0,0,1,0,0,1,0,0,1,0,0,1,0
0,1,18,1,1,1,3,3,1,2,0,0,1,0,0,1,1,0,1,5,3,4,1,1,5,0,10,9,9,19,0.6666666666666666,0,0,1,0,0,0,1,0,0,0,0,0,0
0,1,17,0,1,1,4,4,2,2,0,0,1,1,1,1,1,1,0,4,3,3,1,2,5,4,12,13,13,25,0.6666666666666666,0,0,0,1,0,0,1,0,0,1,0,0,0
0,1,17,1,0,0,3,2,2,2,0,0,0,0,0,1,1,0,1,1,2,3,1,2,5,2,12,12,11,24,1.0,0,0,1,0,0,1,0,0,0,0,1,1,0
0,0,18,1,0,1,1,1,2,1,0,0,0,0,0,0,1,1,1,3,3,2,1,2,3,4,10,10,10,20,0.3333333333333333,0,1,0,0,0,0,1,0,1,0,0,0,0
0,1,18,1,0,1,1,1,2,3,0,0,0,0,0,1,1,1,0,5,3,2,1,1,4,0,18,16,16,34,1.0,0,0,0,0,0,0,1,0,0,0,0,0,0
0,1,18,0,0,0,1,4,3,2,0,0,0,0,0,1,1,0,1,4,3,4,1,4,5,0,13,13,13,26,0.6666666666666666,0,0,0,0,0,1,0,0,0,0,0,1,0
0,0,18,0,0,1,1,1,2,2,1,0,0,0,1,0,0,0,0,4,4,3,2,3,5,2,13,12,12,25,0.5,0,0,0,0,0,1,0,0,0,1,0,1,0
0,1,18,1,1,1,3,3,2,2,0,0,1,0,0,1,1,1,1,4,3,2,1,3,3,0,11,11,10,22,0.6666666666666666,0,0,1,0,0,0,1,0,0,1,0,1,0
0,1,17,1,0,1,4,4,1,2,0,0,1,1,1,1,1,1,1,2,3,4,1,1,1,0,16,15,15,31,0.6666666666666666,0,0,0,0,0,0,0,0,0,0,0,1,0
0,1,17,0,1,1,1,2,2,2,0,0,0,0,0,0,1,0,0,3,2,2,1,2,3,0,12,11,12,23,1.0,0,1,0,0,0,0,1,0,0,0,0,0,0
0,0,18,0,1,1,1,3,2,2,0,0,1,1,0,1,1,0,0,3,3,4,2,4,3,4,10,10,10,20,0.6666666666666666,0,0,0,0,0,1,0,0,0,0,0,1,0
0,0,18,1,0,1,4,4,2,3,0,0,0,1,0,1,1,1,1,4,2,2,2,2,5,0,13,13,13,26,1.5,0,0,0,1,0,0,1,0,0,1,0,1,0
0,1,17,0,1,1,1,1,3,1,1,0,1,1,0,1,1,1,1,5,2,1,1,2,1,0,7,6,0,13,0.5,0,1,0,0,0,0,1,0,0,0,1,1,0
0,1,18,1,1,1,2,3,2,1,0,0,1,1,0,1,1,1,1,5,2,3,1,2,4,0,11,10,10,21,0.5,0,0,0,0,0,0,1,0,0,0,0,0,0
0,1,18,0,1,1,4,4,3,2,0,0,1,1,0,0,1,1,1,3,2,2,4,2,5,10,14,12,11,26,1.0,0,1,0,0,0,0,0,1,0,1,0,0,0
0,1,19,1,0,1,3,2,2,2,2,0,0,0,1,1,1,0,1,3,2,2,1,1,3,4,7,7,9,14,1.0,0,0,1,0,0,0,1,0,1,0,0,0,1
0,0,18,0,0,1,1,2,3,1,0,0,1,1,1,1,0,1,1,4,3,3,2,3,3,3,14,12,12,26,0.3333333333333333,0,0,0,0,0,0,1,0,0,1,0,0,0
0,1,17,1,1,1,2,2,1,3,0,0,0,0,1,1,1,0,1,3,4,3,1,1,3,8,13,11,11,24,0.75,0,1,0,0,0,0,0,0,1,0,0,1,0
0,1,17,0,1,1,1,2,1,1,0,0,0,0,1,1,1,1,0,3,5,5,1,3,1,14,6,5,5,11,0.2,0,1,0,0,0,1,0,0,0,0,0,1,0
0,1,18,0,0,1,4,4,2,3,0,0,0,0,0,1,1,1,0,5,4,4,1,1,1,0,19,18,19,37,0.75,0,1,0,0,0,1,0,0,0,0,1,1,0
0,1,18,0,1,1,1,1,4,3,0,0,0,0,0,1,1,1,0,4,3,2,1,2,4,2,8,8,10,16,1.0,0,1,0,0,0,1,0,0,1,0,0,1,0
0,1,20,1,1,1,4,2,2,3,2,0,1,1,0,0,1,1,1,5,4,3,1,1,3,4,15,14,15,29,0.75,1,0,0,0,0,1,0,0,0,0,0,0,1
0,1,18,0,0,1,4,4,1,2,0,0,0,1,1,1,1,1,0,5,4,3,3,4,2,4,8,9,10,17,0.5,0,0,0,1,0,0,1,0,0,0,0,1,0
0,1,18,1,1,1,3,3,1,2,0,0,0,1,0,1,1,1,1,4,1,3,1,2,1,0,15,15,15,30,2.0,0,1,0,0,0,1,0,0,1,0,0,1,0
0,1,17,0,1,1,3,1,1,2,0,0,1,1,1,0,1,1,0,4,5,4,2,3,1,17,10,10,10,20,0.4,0,0,0,0,0,1,0,0,0,0,1,1,0
0,0,18,1,1,1,4,4,1,2,0,0,0,1,1,0,1,1,0,3,2,4,1,4,2,4,15,14,14,29,1.0,0,0,0,1,0,0,0,1,1,0,0,0,0
0,0,18,0,1,1,2,1,2,1,0,0,0,0,1,0,1,1,1,4,4,3,1,3,5,5,7,6,7,13,0.25,0,1,0,0,0,1,0,0,0,1,0,1,0
0,0,17,1,1,1,2,3,2,2,0,0,0,0,1,1,1,1,0,4,4,3,1,1,3,2,11,11,10,22,0.5,0,1,0,0,0,0,1,0,1,0,0,0,0
0,0,19,0,1,1,1,1,2,1,1,0,0,0,0,1,1,0,0,4,3,2,1,3,5,0,6,5,0,11,0.3333333333333333,0,1,0,0,0,0,1,0,0,1,0,1,0
0,0,18,0,1,1,4,2,2,1,1,0,0,1,0,1,1,0,0,5,4,3,4,3,3,14,6,5,5,11,0.25,0,1,0,0,0,1,0,0,1,0,0,0,0
0,1,18,0,1,1,2,2,2,3,0,0,0,1,0,1,1,0,0,5,3,3,1,3,4,2,10,9,10,19,1.0,0,0,0,0,0,1,0,0,0,1,0,1,0
0,1,18,0,1,1,4,4,3,1,0,0,1,1,1,1,1,1,1,4,4,3,2,2,5,7,6,5,6,11,0.25,0,0,0,1,0,0,0,0,0,0,1,1,0
0,1,19,0,1,1,2,3,1,3,1,0,0,0,1,0,1,1,0,5,4,2,1,2,5,0,7,5,0,12,0.75,0,0,1,0,0,1,0,0,0,0,0,1,0
0,1,18,1,0,1,3,1,1,2,0,0,1,1,0,1,1,1,0,4,3,4,1,1,1,0,7,9,8,16,0.6666666666666666,0,0,0,1,0,0,1,0,0,0,0,1,0
0,1,18,1,1,1,1,1,2,2,1,0,0,0,1,1,1,0,0,1,1,1,1,1,5,0,6,5,0,11,2.0,0,1,0,0,0,1,0,0,0,0,0,1,0
0,0,20,1,0,0,2,2,1,2,2,0,1,1,0,1,1,0,0,5,5,4,4,5,4,11,9,9,9,18,0.4,0,0,1,0,0,0,1,0,0,0,0,0,1
0,0,17,1,0,1,3,1,2,1,0,0,0,0,0,0,1,1,0,2,4,5,3,4,2,3,14,16,16,30,0.25,0,0,1,0,0,0,1,0,0,0,0,1,0
0,0,21,0,1,1,1,1,1,1,3,0,0,0,0,0,1,0,0,5,5,3,3,3,3,3,10,8,7,18,0.2,0,1,0,0,0,1,0,0,0,0,0,0,1
0,0,18,0,0,1,3,2,3,1,0,0,0,0,0,0,1,1,0,4,4,1,3,4,5,0,11,12,10,23,0.25,0,0,1,0,0,1,0,0,0,0,0,1,0
0,0,19,1,0,1,1,1,1,1,0,0,0,0,0,1,1,1,0,3,2,3,3,3,5,5,8,9,9,17,0.5,0,1,0,0,0,0,0,0,0,0,0,0,0
