row_id,cluster
0,0
1,0
2,0
3,2
4,0
5,2
6,2
7,0
8,2
9,2
10,2
11,0
12,2
13,2
14,2
15,2
16,2
17,0
18,1
19,2
20,2
21,2
22,2
23,1
24,2
25,0
26,2
27,2
28,2
29,1
30,1
31,2
32,2
33,2
34,2
35,0
36,2
37,2
38,2
39,2
40,0
41,1
42,2
43,0
44,0
45,2
46,1
47,2
48,2
49,2
50,0
51,2
52,1
53,1
54,1
55,0
56,2
57,2
58,0
59,2
60,1
61,1
62,0
63,1
64,1
65,2
66,1
67,0
68,0
69,2
70,2
71,2
72,0
73,2
74,1
75,1
76,2
77,2
78,0
79,0
80,2
81,2
82,0
83,2
84,0
85,1
86,0
87,2
88,0
89,1
90,0
91,2
92,0
93,2
94,2
95,0
96,2
97,0
98,2
99,2
100,1
101,2
102,2
103,0
104,2
105,2
106,0
107,2
108,1
109,2
110,2
111,0
112,0
113,2
114,0
115,2
116,2
117,2
118,0
119,2
120,2
121,2
122,2
123,1
124,0
125,1
126,2
127,0
128,0
129,1
130,0
131,0
132,1
133,2
134,0
135,2
136,1
137,0
138,0
139,2
140,2
141,0
142,2
143,1
144,0
145,0
146,0
147,0
148,2
149,1
150,0
151,1
152,0
153,0
154,2
155,2
156,1
157,0
158,2
159,1
160,0
161,0
162,0
163,0
164,0
165,0
166,1
167,2
168,0
169,2
170,1
171,0
172,2
173,0
174,2
175,1
176,1
177,0
178,1
179,2
180,1
181,2
182,2
183,1
184,2
185,1
186,0
187,2
188,0
189,0
190,2
191,0
192,1
193,1
194,2
195,2
196,2
197,1
198,2
199,2
200,2
201,0
202,0
203,0
204,0
205,1
206,0
207,2
208,0
209,0
210,0
211,1
212,2
213,1
214,2
215,2
216,1
217,1
218,0
219,0
220,0
221,0
222,2
223,1
224,2
225,0
226,2
227,2
228,1
229,0
230,2
231,0
232,1
233,2
234,0
235,0
236,1
237,0
238,0
239,1
240,1
241,1
242,0
243,2
244,0
245,2
246,2
247,1
248,0
249,0
250,1
251,0
252,1
253,0
254,0
255,0
256,2
257,2
258,2
259,0
260,2
261,2
262,2
263,2
264,0
265,1
266,1
267,1
268,1
269,0
270,1
271,2
272,0
273,2
274,2
275,1
276,0
277,1
278,1
279,2
280,1
281,1
282,0
283,0
284,0
285,0
286,2
287,0
288,2
289,2
290,2
291,2
292,0
293,2
294,2
295,2
296,1
297,1
298,2
299,2
300,2
301,2
302,2
303,2
304,2
305,2
306,2
307,1
308,2
309,0
310,0
311,0
312,0
313,0
314,0
315,0
316,0
317,2
318,1
319,1
320,2
321,0
322,0
323,2
324,2
325,2
326,1
327,1
328,2
329,2
330,1
331,2
332,0
333,0
334,0
335,2
336,2
337,0
338,2
339,0
340,0
341,2
342,2
343,0
344,2
345,2
346,2
347,1
348,2
349,1
350,0
351,1
352,0
353,1
354,1
355,2
356,2
357,2
358,0
359,2
360,1
361,0
362,2
363,2
364,0
365,1
366,2
367,0
368,0
369,1
370,0
371,0
372,2
373,0
374,2
375,0
376,2
377,1
378,2
379,1
380,2
381,0
382,2
383,0
384,1
385,0
386,1
387,0
388,0
389,0
390,1
391,1
392,0
393,1
394,0
